indicator,type,source,first_seen,last_seen
139assicc.dll,domain,urlhaus_recent,2025-09-03T08:53:51+01:00,2025-09-03T10:40:33+01:00
1957b95c3.res,domain,urlhaus_recent,2025-09-03T10:40:33+01:00,2025-09-03T10:40:33+01:00
20.apk,domain,urlhaus_recent,2025-09-03T08:53:51+01:00,2025-09-03T10:40:33+01:00
20beneficios.apk,domain,urlhaus_recent,2025-09-03T08:53:51+01:00,2025-09-03T10:40:33+01:00
2l4vkay5s8.flac,domain,urlhaus_recent,2025-09-03T08:53:51+01:00,2025-09-03T10:40:33+01:00
2z3hrty6il.flac,domain,urlhaus_recent,2025-09-03T08:53:51+01:00,2025-09-03T10:40:33+01:00
32tgshmrza.flac,domain,urlhaus_recent,2025-09-03T08:53:51+01:00,2025-09-03T10:40:33+01:00
3dexplor.dll,domain,urlhaus_recent,2025-09-03T08:53:51+01:00,2025-09-03T10:40:33+01:00
3igsu5jmw7.flac,domain,urlhaus_recent,2025-09-03T08:53:51+01:00,2025-09-03T10:40:33+01:00
3zffnbi.exe,domain,urlhaus_recent,2025-09-03T10:40:33+01:00,2025-09-03T10:40:33+01:00
4r6y.js,domain,urlhaus_recent,2025-09-03T08:53:51+01:00,2025-09-03T10:40:33+01:00
5rqzq95kft.flac,domain,urlhaus_recent,2025-09-03T08:53:51+01:00,2025-09-03T10:40:33+01:00
8akauxvv5a.flac,domain,urlhaus_recent,2025-09-03T08:53:51+01:00,2025-09-03T10:40:33+01:00
aa.exe,domain,urlhaus_recent,2025-09-03T08:53:51+01:00,2025-09-03T10:40:33+01:00
acrobat-updater.com,domain,urlhaus_recent,2025-09-03T08:53:51+01:00,2025-09-03T10:40:33+01:00
acrobat-updater.com.txt,domain,urlhaus_recent,2025-09-03T08:53:51+01:00,2025-09-03T10:40:33+01:00
adcios.apk,domain,urlhaus_recent,2025-09-03T08:53:51+01:00,2025-09-03T10:40:33+01:00
amadey.exe,domain,urlhaus_recent,2025-09-03T08:53:51+01:00,2025-09-03T10:40:33+01:00
ativarbeneficios.apk,domain,urlhaus_recent,2025-09-03T08:53:51+01:00,2025-09-03T10:40:33+01:00
atualizar.apk,domain,urlhaus_recent,2025-09-03T08:53:51+01:00,2025-09-03T10:40:33+01:00
atualizarbeneficios.apk,domain,urlhaus_recent,2025-09-03T08:53:51+01:00,2025-09-03T10:40:33+01:00
atualizarpagbeneficios.apk,domain,urlhaus_recent,2025-09-03T08:53:51+01:00,2025-09-03T10:40:33+01:00
atualizarpagvendas.apk,domain,urlhaus_recent,2025-09-03T08:53:51+01:00,2025-09-03T10:40:33+01:00
atualizarparceiro.apk,domain,urlhaus_recent,2025-09-03T08:53:51+01:00,2025-09-03T10:40:33+01:00
atualizarparceiros.apk,domain,urlhaus_recent,2025-09-03T08:53:51+01:00,2025-09-03T10:40:33+01:00
bcqus1s9o0.flac,domain,urlhaus_recent,2025-09-03T08:53:51+01:00,2025-09-03T10:40:33+01:00
beneficiospag.apk,domain,urlhaus_recent,2025-09-03T08:53:51+01:00,2025-09-03T10:40:33+01:00
beneficiospagvendas.apk,domain,urlhaus_recent,2025-09-03T08:53:51+01:00,2025-09-03T10:40:33+01:00
bxkh0d6en7.flac,domain,urlhaus_recent,2025-09-03T08:53:51+01:00,2025-09-03T10:40:33+01:00
c6vp1olqk4.flac,domain,urlhaus_recent,2025-09-03T08:53:51+01:00,2025-09-03T10:40:33+01:00
caixaresgatedepontos.apk,domain,urlhaus_recent,2025-09-03T08:53:51+01:00,2025-09-03T10:40:33+01:00
cf-cap-load.cfd,domain,urlhaus_recent,2025-09-03T08:53:51+01:00,2025-09-03T10:40:33+01:00
clgnymc.org,domain,urlhaus_recent,2025-09-03T08:53:51+01:00,2025-09-03T10:40:33+01:00
cobaltstrike-client.jar,domain,urlhaus_recent,2025-09-03T08:53:51+01:00,2025-09-03T10:40:33+01:00
cobaltstrike.jar,domain,urlhaus_recent,2025-09-03T08:53:51+01:00,2025-09-03T10:40:33+01:00
cookautofdllopfire.dll,domain,urlhaus_recent,2025-09-03T08:53:51+01:00,2025-09-03T10:40:33+01:00
crisp.cucy.ru,domain,urlhaus_recent,2025-09-03T08:53:51+01:00,2025-09-03T10:40:33+01:00
dj7qvus.exe,domain,urlhaus_recent,2025-09-03T10:40:33+01:00,2025-09-03T10:40:33+01:00
dll.dll,domain,urlhaus_recent,2025-09-03T08:53:51+01:00,2025-09-03T10:40:33+01:00
documentgrabber.dll,domain,urlhaus_recent,2025-09-03T08:53:51+01:00,2025-09-03T10:40:33+01:00
download-115.sh,domain,urlhaus_recent,2025-09-03T08:53:51+01:00,2025-09-03T10:40:33+01:00
download-55.sh,domain,urlhaus_recent,2025-09-03T08:53:51+01:00,2025-09-03T10:40:33+01:00
download-rocky.sh,domain,urlhaus_recent,2025-09-03T08:53:51+01:00,2025-09-03T10:40:33+01:00
dq9ucyjknm.flac,domain,urlhaus_recent,2025-09-03T08:53:51+01:00,2025-09-03T10:40:33+01:00
drip.sym,domain,urlhaus_recent,2025-09-03T10:40:33+01:00,2025-09-03T10:40:33+01:00
eey72hutjg.flac,domain,urlhaus_recent,2025-09-03T10:40:33+01:00,2025-09-03T10:40:33+01:00
ewg.jujosuu4.ru,domain,urlhaus_recent,2025-09-03T08:53:51+01:00,2025-09-03T10:40:33+01:00
extensao-nova.crx,domain,urlhaus_recent,2025-09-03T08:53:51+01:00,2025-09-03T10:40:33+01:00
extentwallet.dll,domain,urlhaus_recent,2025-09-03T08:53:51+01:00,2025-09-03T10:40:33+01:00
f4foz2wnw8.flac,domain,urlhaus_recent,2025-09-03T08:53:51+01:00,2025-09-03T10:40:33+01:00
filezilla.dll,domain,urlhaus_recent,2025-09-03T08:53:51+01:00,2025-09-03T10:40:33+01:00
gyaau7gyix.flac,domain,urlhaus_recent,2025-09-03T08:53:51+01:00,2025-09-03T10:40:33+01:00
ia601604.us.archive.org,domain,urlhaus_recent,2025-09-03T08:53:51+01:00,2025-09-03T10:40:33+01:00
ia801003.us.archive.org,domain,urlhaus_recent,2025-09-03T08:53:51+01:00,2025-09-03T10:40:33+01:00
info-2go.com,domain,urlhaus_recent,2025-09-03T08:53:51+01:00,2025-09-03T10:40:33+01:00
info.dll,domain,urlhaus_recent,2025-09-03T08:53:51+01:00,2025-09-03T10:40:33+01:00
installer.jar,domain,urlhaus_recent,2025-09-03T08:53:51+01:00,2025-09-03T10:40:33+01:00
invitation.exe,domain,urlhaus_recent,2025-09-03T08:53:51+01:00,2025-09-03T10:40:33+01:00
ioeax64b3h.flac,domain,urlhaus_recent,2025-09-03T08:53:51+01:00,2025-09-03T10:40:33+01:00
itjdauh.exe,domain,urlhaus_recent,2025-09-03T08:53:51+01:00,2025-09-03T10:40:33+01:00
jjs6ppe7ka.flac,domain,urlhaus_recent,2025-09-03T08:53:51+01:00,2025-09-03T10:40:33+01:00
knzrzmc64w.flac,domain,urlhaus_recent,2025-09-03T08:53:51+01:00,2025-09-03T10:40:33+01:00
kwnbkt6.exe,domain,urlhaus_recent,2025-09-03T10:40:33+01:00,2025-09-03T10:40:33+01:00
loe.jujosuu4.ru,domain,urlhaus_recent,2025-09-03T08:53:51+01:00,2025-09-03T10:40:33+01:00
maingravel.com,domain,urlhaus_recent,2025-09-03T08:53:51+01:00,2025-09-03T10:40:33+01:00
mirai.spc,domain,urlhaus_recent,2025-09-03T08:53:51+01:00,2025-09-03T10:40:33+01:00
ojjvpn1.exe,domain,urlhaus_recent,2025-09-03T08:53:51+01:00,2025-09-03T10:40:33+01:00
out.zip,domain,urlhaus_recent,2025-09-03T10:40:33+01:00,2025-09-03T10:40:33+01:00
ovp1s7tbol.flac,domain,urlhaus_recent,2025-09-03T10:40:33+01:00,2025-09-03T10:40:33+01:00
pagbeneficios.apk,domain,urlhaus_recent,2025-09-03T08:53:51+01:00,2025-09-03T10:40:33+01:00
pagvendas.apk,domain,urlhaus_recent,2025-09-03T08:53:51+01:00,2025-09-03T10:40:33+01:00
pagvendasbeneficios.apk,domain,urlhaus_recent,2025-09-03T08:53:51+01:00,2025-09-03T10:40:33+01:00
parceiros.apk,domain,urlhaus_recent,2025-09-03T08:53:51+01:00,2025-09-03T10:40:33+01:00
parceirosatualizar.apk,domain,urlhaus_recent,2025-09-03T08:53:51+01:00,2025-09-03T10:40:33+01:00
processes.dll,domain,urlhaus_recent,2025-09-03T08:53:51+01:00,2025-09-03T10:40:33+01:00
progressdev.xyz,domain,urlhaus_recent,2025-09-03T10:40:33+01:00,2025-09-03T10:40:33+01:00
pub-1e4f784a849d4b38ac2c6b72e284d6c4.r2.dev,domain,urlhaus_recent,2025-09-03T08:53:51+01:00,2025-09-03T10:40:33+01:00
pure.exe,domain,urlhaus_recent,2025-09-03T08:53:51+01:00,2025-09-03T10:40:33+01:00
q8lspqo.exe,domain,urlhaus_recent,2025-09-03T08:53:51+01:00,2025-09-03T10:40:33+01:00
r665regiq0.flac,domain,urlhaus_recent,2025-09-03T08:53:51+01:00,2025-09-03T10:40:33+01:00
screenshot.dll,domain,urlhaus_recent,2025-09-03T08:53:51+01:00,2025-09-03T10:40:33+01:00
software.dll,domain,urlhaus_recent,2025-09-03T08:53:51+01:00,2025-09-03T10:40:33+01:00
th9dlv8z96.flac,domain,urlhaus_recent,2025-09-03T10:40:33+01:00,2025-09-03T10:40:33+01:00
tragira.jpg,domain,urlhaus_recent,2025-09-03T08:53:51+01:00,2025-09-03T10:40:33+01:00
tuesdayconvertedfile.txt,domain,urlhaus_recent,2025-09-03T10:40:33+01:00,2025-09-03T10:40:33+01:00
updater.jar,domain,urlhaus_recent,2025-09-03T08:53:51+01:00,2025-09-03T10:40:33+01:00
vcsinfo.com,domain,urlhaus_recent,2025-09-03T08:53:51+01:00,2025-09-03T10:40:33+01:00
walletsorterdll.dll,domain,urlhaus_recent,2025-09-03T08:53:51+01:00,2025-09-03T10:40:33+01:00
wood-simple.com,domain,urlhaus_recent,2025-09-03T10:40:33+01:00,2025-09-03T10:40:33+01:00
wu2hkmdkqc.flac,domain,urlhaus_recent,2025-09-03T08:53:51+01:00,2025-09-03T10:40:33+01:00
x0s37kw.exe,domain,urlhaus_recent,2025-09-03T08:53:51+01:00,2025-09-03T10:40:33+01:00
x4q7y1wcxk.flac,domain,urlhaus_recent,2025-09-03T08:53:51+01:00,2025-09-03T10:40:33+01:00
xmfrdcbt1q.flac,domain,urlhaus_recent,2025-09-03T08:53:51+01:00,2025-09-03T10:40:33+01:00
xo50qoo.exe,domain,urlhaus_recent,2025-09-03T08:53:51+01:00,2025-09-03T10:40:33+01:00
yafbxt.exe,domain,urlhaus_recent,2025-09-03T08:53:51+01:00,2025-09-03T10:40:33+01:00
zfsyx8x.exe,domain,urlhaus_recent,2025-09-03T10:40:33+01:00,2025-09-03T10:40:33+01:00
zgvz8sth43.flac,domain,urlhaus_recent,2025-09-03T10:40:33+01:00,2025-09-03T10:40:33+01:00
1e4f784a849d4b38ac2c6b72e284d6c4,md5,urlhaus_recent,2025-09-03T08:53:51+01:00,2025-09-03T10:40:33+01:00
5f109e7bb3df4dea81946f2f853da288,md5,urlhaus_recent,2025-09-03T08:53:51+01:00,2025-09-03T10:40:33+01:00
http://103.253.18.140:50337/bin.sh,url,urlhaus_recent,2025-09-03T10:40:33+01:00,2025-09-03T10:40:33+01:00
http://103.40.13.122:99/buding/3DExplor.dll,url,urlhaus_recent,2025-09-03T08:53:51+01:00,2025-09-03T10:40:33+01:00
http://103.97.89.98:9090/index.ps1,url,urlhaus_recent,2025-09-03T08:53:51+01:00,2025-09-03T10:40:33+01:00
http://103.97.89.98:9090/update.exe,url,urlhaus_recent,2025-09-03T08:53:51+01:00,2025-09-03T10:40:33+01:00
http://103.97.89.98:9090/win.exe,url,urlhaus_recent,2025-09-03T08:53:51+01:00,2025-09-03T10:40:33+01:00
http://110.42.39.182:67/buding/139Assicc.dll,url,urlhaus_recent,2025-09-03T08:53:51+01:00,2025-09-03T10:40:33+01:00
http://111.127.226.127:43338/i,url,urlhaus_recent,2025-09-03T10:40:33+01:00,2025-09-03T10:40:33+01:00
http://112.198.133.210:39460/bin.sh,url,urlhaus_recent,2025-09-03T08:53:51+01:00,2025-09-03T10:40:33+01:00
http://112.198.133.210:39460/i,url,urlhaus_recent,2025-09-03T08:53:51+01:00,2025-09-03T10:40:33+01:00
http://112.248.189.15:48384/bin.sh,url,urlhaus_recent,2025-09-03T08:53:51+01:00,2025-09-03T10:40:33+01:00
http://112.248.189.15:48384/i,url,urlhaus_recent,2025-09-03T08:53:51+01:00,2025-09-03T10:40:33+01:00
http://112.248.189.202:34471/i,url,urlhaus_recent,2025-09-03T08:53:51+01:00,2025-09-03T10:40:33+01:00
http://112.248.190.93:59658/bin.sh,url,urlhaus_recent,2025-09-03T08:53:51+01:00,2025-09-03T10:40:33+01:00
http://112.248.80.104:58795/bin.sh,url,urlhaus_recent,2025-09-03T08:53:51+01:00,2025-09-03T10:40:33+01:00
http://112.93.201.46:47005/bin.sh,url,urlhaus_recent,2025-09-03T08:53:51+01:00,2025-09-03T10:40:33+01:00
http://112.93.201.46:47005/i,url,urlhaus_recent,2025-09-03T08:53:51+01:00,2025-09-03T10:40:33+01:00
http://113.236.83.202:51137/bin.sh,url,urlhaus_recent,2025-09-03T08:53:51+01:00,2025-09-03T10:40:33+01:00
http://113.237.70.5:48271/bin.sh,url,urlhaus_recent,2025-09-03T08:53:51+01:00,2025-09-03T10:40:33+01:00
http://113.237.70.5:48271/i,url,urlhaus_recent,2025-09-03T08:53:51+01:00,2025-09-03T10:40:33+01:00
http://114.66.44.46:99/buding/3DExplor.dll,url,urlhaus_recent,2025-09-03T08:53:51+01:00,2025-09-03T10:40:33+01:00
http://114.66.52.198:99/buding/139Assicc.dll,url,urlhaus_recent,2025-09-03T08:53:51+01:00,2025-09-03T10:40:33+01:00
http://114.66.56.74:888/3/139Assicc.dll,url,urlhaus_recent,2025-09-03T08:53:51+01:00,2025-09-03T10:40:33+01:00
http://115.49.196.197:59135/i,url,urlhaus_recent,2025-09-03T08:53:51+01:00,2025-09-03T10:40:33+01:00
http://115.49.4.115:46567/bin.sh,url,urlhaus_recent,2025-09-03T08:53:51+01:00,2025-09-03T10:40:33+01:00
http://115.49.4.115:46567/i,url,urlhaus_recent,2025-09-03T08:53:51+01:00,2025-09-03T10:40:33+01:00
http://115.49.64.85:45201/bin.sh,url,urlhaus_recent,2025-09-03T08:53:51+01:00,2025-09-03T10:40:33+01:00
http://115.49.77.46:50159/bin.sh,url,urlhaus_recent,2025-09-03T08:53:51+01:00,2025-09-03T10:40:33+01:00
http://115.49.77.46:50159/i,url,urlhaus_recent,2025-09-03T08:53:51+01:00,2025-09-03T10:40:33+01:00
http://115.51.7.253:57581/bin.sh,url,urlhaus_recent,2025-09-03T08:53:51+01:00,2025-09-03T10:40:33+01:00
http://115.58.134.242:46227/bin.sh,url,urlhaus_recent,2025-09-03T08:53:51+01:00,2025-09-03T10:40:33+01:00
http://115.58.134.242:46227/i,url,urlhaus_recent,2025-09-03T08:53:51+01:00,2025-09-03T10:40:33+01:00
http://115.61.16.30:58746/bin.sh,url,urlhaus_recent,2025-09-03T08:53:51+01:00,2025-09-03T10:40:33+01:00
http://116.139.184.105:43892/bin.sh,url,urlhaus_recent,2025-09-03T08:53:51+01:00,2025-09-03T10:40:33+01:00
http://116.139.184.105:43892/i,url,urlhaus_recent,2025-09-03T08:53:51+01:00,2025-09-03T10:40:33+01:00
http://117.203.156.144:34728/bin.sh,url,urlhaus_recent,2025-09-03T08:53:51+01:00,2025-09-03T10:40:33+01:00
http://117.206.102.201:58449/i,url,urlhaus_recent,2025-09-03T08:53:51+01:00,2025-09-03T10:40:33+01:00
http://117.209.95.7:41415/bin.sh,url,urlhaus_recent,2025-09-03T10:40:33+01:00,2025-09-03T10:40:33+01:00
http://117.209.95.7:41415/i,url,urlhaus_recent,2025-09-03T10:40:33+01:00,2025-09-03T10:40:33+01:00
http://117.232.8.191:51822/bin.sh,url,urlhaus_recent,2025-09-03T08:53:51+01:00,2025-09-03T10:40:33+01:00
http://117.245.215.65:57861/Mozi.m,url,urlhaus_recent,2025-09-03T08:53:51+01:00,2025-09-03T10:40:33+01:00
http://119.114.169.166:60166/i,url,urlhaus_recent,2025-09-03T08:53:51+01:00,2025-09-03T10:40:33+01:00
http://119.118.61.65:43421/i,url,urlhaus_recent,2025-09-03T08:53:51+01:00,2025-09-03T10:40:33+01:00
http://119.179.238.159:51700/i,url,urlhaus_recent,2025-09-03T08:53:51+01:00,2025-09-03T10:40:33+01:00
http://123.11.72.42:33600/bin.sh,url,urlhaus_recent,2025-09-03T08:53:51+01:00,2025-09-03T10:40:33+01:00
http://123.11.72.42:33600/i,url,urlhaus_recent,2025-09-03T08:53:51+01:00,2025-09-03T10:40:33+01:00
http://123.12.230.107:38396/bin.sh,url,urlhaus_recent,2025-09-03T08:53:51+01:00,2025-09-03T10:40:33+01:00
http://123.12.230.107:38396/i,url,urlhaus_recent,2025-09-03T08:53:51+01:00,2025-09-03T10:40:33+01:00
http://123.130.164.70:47295/bin.sh,url,urlhaus_recent,2025-09-03T08:53:51+01:00,2025-09-03T10:40:33+01:00
http://123.14.37.54:48958/bin.sh,url,urlhaus_recent,2025-09-03T10:40:33+01:00,2025-09-03T10:40:33+01:00
http://123.14.37.54:48958/i,url,urlhaus_recent,2025-09-03T10:40:33+01:00,2025-09-03T10:40:33+01:00
http://123.7.240.249:38359/bin.sh,url,urlhaus_recent,2025-09-03T08:53:51+01:00,2025-09-03T10:40:33+01:00
http://123.8.49.178:36472/bin.sh,url,urlhaus_recent,2025-09-03T08:53:51+01:00,2025-09-03T10:40:33+01:00
http://123.8.49.178:36472/i,url,urlhaus_recent,2025-09-03T08:53:51+01:00,2025-09-03T10:40:33+01:00
http://124.131.135.81:56647/bin.sh,url,urlhaus_recent,2025-09-03T08:53:51+01:00,2025-09-03T10:40:33+01:00
http://125.41.0.126:36623/i,url,urlhaus_recent,2025-09-03T08:53:51+01:00,2025-09-03T10:40:33+01:00
http://125.41.6.8:60512/bin.sh,url,urlhaus_recent,2025-09-03T08:53:51+01:00,2025-09-03T10:40:33+01:00
http://125.41.6.8:60512/i,url,urlhaus_recent,2025-09-03T08:53:51+01:00,2025-09-03T10:40:33+01:00
http://125.43.81.201:46837/bin.sh,url,urlhaus_recent,2025-09-03T08:53:51+01:00,2025-09-03T10:40:33+01:00
http://125.47.107.110:40935/i,url,urlhaus_recent,2025-09-03T08:53:51+01:00,2025-09-03T10:40:33+01:00
http://125.47.218.169:37035/bin.sh,url,urlhaus_recent,2025-09-03T08:53:51+01:00,2025-09-03T10:40:33+01:00
http://125.47.3.207:59839/i,url,urlhaus_recent,2025-09-03T08:53:51+01:00,2025-09-03T10:40:33+01:00
http://125.47.61.114:58082/bin.sh,url,urlhaus_recent,2025-09-03T08:53:51+01:00,2025-09-03T10:40:33+01:00
http://125.47.61.114:58082/i,url,urlhaus_recent,2025-09-03T08:53:51+01:00,2025-09-03T10:40:33+01:00
http://144.172.116.103/lunacacha,url,urlhaus_recent,2025-09-03T08:53:51+01:00,2025-09-03T10:40:33+01:00
http://144.172.116.103/pure.exe,url,urlhaus_recent,2025-09-03T08:53:51+01:00,2025-09-03T10:40:33+01:00
http://154.242.6.38:46459/bin.sh,url,urlhaus_recent,2025-09-03T08:53:51+01:00,2025-09-03T10:40:33+01:00
http://162.33.178.251/EXTENSAO-NOVA.crx,url,urlhaus_recent,2025-09-03T08:53:51+01:00,2025-09-03T10:40:33+01:00
http://164.163.25.141:56991/bin.sh,url,urlhaus_recent,2025-09-03T08:53:51+01:00,2025-09-03T10:40:33+01:00
http://164.163.25.141:56991/i,url,urlhaus_recent,2025-09-03T08:53:51+01:00,2025-09-03T10:40:33+01:00
http://168.100.9.70/sebastian/a.txt,url,urlhaus_recent,2025-09-03T08:53:51+01:00,2025-09-03T10:40:33+01:00
http://168.100.9.70/sebastian/installer.jar,url,urlhaus_recent,2025-09-03T08:53:51+01:00,2025-09-03T10:40:33+01:00
http://168.100.9.70/sebastian/updater.jar,url,urlhaus_recent,2025-09-03T08:53:51+01:00,2025-09-03T10:40:33+01:00
http://175.146.252.73:42421/bin.sh,url,urlhaus_recent,2025-09-03T08:53:51+01:00,2025-09-03T10:40:33+01:00
http://175.146.252.73:42421/i,url,urlhaus_recent,2025-09-03T08:53:51+01:00,2025-09-03T10:40:33+01:00
http://175.149.113.27:56129/i,url,urlhaus_recent,2025-09-03T08:53:51+01:00,2025-09-03T10:40:33+01:00
http://175.150.28.7:35308/bin.sh,url,urlhaus_recent,2025-09-03T08:53:51+01:00,2025-09-03T10:40:33+01:00
http://175.151.162.122:34652/i,url,urlhaus_recent,2025-09-03T08:53:51+01:00,2025-09-03T10:40:33+01:00
http://175.151.64.121:59358/bin.sh,url,urlhaus_recent,2025-09-03T08:53:51+01:00,2025-09-03T10:40:33+01:00
http://175.151.64.121:59358/i,url,urlhaus_recent,2025-09-03T08:53:51+01:00,2025-09-03T10:40:33+01:00
http://176.226.129.38:59018/i,url,urlhaus_recent,2025-09-03T08:53:51+01:00,2025-09-03T10:40:33+01:00
http://178.16.53.7/2.exe,url,urlhaus_recent,2025-09-03T08:53:51+01:00,2025-09-03T10:40:33+01:00
http://178.16.53.7/AA.exe,url,urlhaus_recent,2025-09-03T08:53:51+01:00,2025-09-03T10:40:33+01:00
http://178.16.53.7/Bot.exe,url,urlhaus_recent,2025-09-03T08:53:51+01:00,2025-09-03T10:40:33+01:00
http://178.16.53.7/SVCHost.exe,url,urlhaus_recent,2025-09-03T08:53:51+01:00,2025-09-03T10:40:33+01:00
http://178.16.53.7/Update.exe,url,urlhaus_recent,2025-09-03T08:53:51+01:00,2025-09-03T10:40:33+01:00
http://178.16.55.189/files/6012304042/ITJdauH.exe,url,urlhaus_recent,2025-09-03T08:53:51+01:00,2025-09-03T10:40:33+01:00
http://178.16.55.189/files/6053747383/3zFFNBI.exe,url,urlhaus_recent,2025-09-03T10:40:33+01:00,2025-09-03T10:40:33+01:00
http://178.16.55.189/files/740061926/ojjvpn1.exe,url,urlhaus_recent,2025-09-03T08:53:51+01:00,2025-09-03T10:40:33+01:00
http://178.16.55.189/files/7919576999/q8lspQo.exe,url,urlhaus_recent,2025-09-03T08:53:51+01:00,2025-09-03T10:40:33+01:00
http://178.16.55.189/files/7919576999/zFsyx8x.exe,url,urlhaus_recent,2025-09-03T10:40:33+01:00,2025-09-03T10:40:33+01:00
http://178.16.55.189/files/7973538105/kWnbkT6.exe,url,urlhaus_recent,2025-09-03T10:40:33+01:00,2025-09-03T10:40:33+01:00
http://178.16.55.189/files/8052963817/Dj7qVUS.exe,url,urlhaus_recent,2025-09-03T10:40:33+01:00,2025-09-03T10:40:33+01:00
http://178.16.55.189/files/8061402479/xO50QoO.exe,url,urlhaus_recent,2025-09-03T08:53:51+01:00,2025-09-03T10:40:33+01:00
http://178.16.55.189/files/8167064937/X0S37kW.exe,url,urlhaus_recent,2025-09-03T08:53:51+01:00,2025-09-03T10:40:33+01:00
http://178.16.55.189/files/rdx/random.exe,url,urlhaus_recent,2025-09-03T08:53:51+01:00,2025-09-03T10:40:33+01:00
http://182.112.144.104:55648/i,url,urlhaus_recent,2025-09-03T08:53:51+01:00,2025-09-03T10:40:33+01:00
http://182.112.158.62:45726/bin.sh,url,urlhaus_recent,2025-09-03T08:53:51+01:00,2025-09-03T10:40:33+01:00
http://182.117.146.123:40601/bin.sh,url,urlhaus_recent,2025-09-03T08:53:51+01:00,2025-09-03T10:40:33+01:00
http://182.119.63.27:39179/i,url,urlhaus_recent,2025-09-03T08:53:51+01:00,2025-09-03T10:40:33+01:00
http://182.121.185.215:40144/bin.sh,url,urlhaus_recent,2025-09-03T08:53:51+01:00,2025-09-03T10:40:33+01:00
http://182.121.74.124:51355/bin.sh,url,urlhaus_recent,2025-09-03T08:53:51+01:00,2025-09-03T10:40:33+01:00
http://182.121.80.103:42281/bin.sh,url,urlhaus_recent,2025-09-03T08:53:51+01:00,2025-09-03T10:40:33+01:00
http://182.122.234.201:43588/bin.sh,url,urlhaus_recent,2025-09-03T08:53:51+01:00,2025-09-03T10:40:33+01:00
http://182.122.234.201:43588/i,url,urlhaus_recent,2025-09-03T08:53:51+01:00,2025-09-03T10:40:33+01:00
http://182.127.176.224:51123/bin.sh,url,urlhaus_recent,2025-09-03T08:53:51+01:00,2025-09-03T10:40:33+01:00
http://182.127.176.224:51123/i,url,urlhaus_recent,2025-09-03T08:53:51+01:00,2025-09-03T10:40:33+01:00
http://184.171.219.73:39323/i,url,urlhaus_recent,2025-09-03T08:53:51+01:00,2025-09-03T10:40:33+01:00
http://188.38.3.30:53416/bin.sh,url,urlhaus_recent,2025-09-03T08:53:51+01:00,2025-09-03T10:40:33+01:00
http://188.38.3.30:53416/i,url,urlhaus_recent,2025-09-03T08:53:51+01:00,2025-09-03T10:40:33+01:00
http://193.111.248.238/hiddenbin/boatnet.arc,url,urlhaus_recent,2025-09-03T08:53:51+01:00,2025-09-03T10:40:33+01:00
http://193.111.248.238/hiddenbin/boatnet.arm,url,urlhaus_recent,2025-09-03T08:53:51+01:00,2025-09-03T10:40:33+01:00
http://193.111.248.238/hiddenbin/boatnet.arm5,url,urlhaus_recent,2025-09-03T08:53:51+01:00,2025-09-03T10:40:33+01:00
http://193.111.248.238/hiddenbin/boatnet.arm6,url,urlhaus_recent,2025-09-03T08:53:51+01:00,2025-09-03T10:40:33+01:00
http://193.111.248.238/hiddenbin/boatnet.arm7,url,urlhaus_recent,2025-09-03T08:53:51+01:00,2025-09-03T10:40:33+01:00
http://193.111.248.238/hiddenbin/boatnet.m68k,url,urlhaus_recent,2025-09-03T08:53:51+01:00,2025-09-03T10:40:33+01:00
http://193.111.248.238/hiddenbin/boatnet.mips,url,urlhaus_recent,2025-09-03T08:53:51+01:00,2025-09-03T10:40:33+01:00
http://193.111.248.238/hiddenbin/boatnet.mpsl,url,urlhaus_recent,2025-09-03T08:53:51+01:00,2025-09-03T10:40:33+01:00
http://193.111.248.238/hiddenbin/boatnet.ppc,url,urlhaus_recent,2025-09-03T08:53:51+01:00,2025-09-03T10:40:33+01:00
http://193.111.248.238/hiddenbin/boatnet.sh4,url,urlhaus_recent,2025-09-03T10:40:33+01:00,2025-09-03T10:40:33+01:00
http://193.111.248.238/hiddenbin/boatnet.spc,url,urlhaus_recent,2025-09-03T08:53:51+01:00,2025-09-03T10:40:33+01:00
http://193.111.248.238/hiddenbin/boatnet.x86,url,urlhaus_recent,2025-09-03T08:53:51+01:00,2025-09-03T10:40:33+01:00
http://195.177.94.29:34681/s/mips,url,urlhaus_recent,2025-09-03T08:53:51+01:00,2025-09-03T10:40:33+01:00
http://196.251.73.58/H2/Stein.zip,url,urlhaus_recent,2025-09-03T10:40:33+01:00,2025-09-03T10:40:33+01:00
http://200.59.79.219:52569/i,url,urlhaus_recent,2025-09-03T08:53:51+01:00,2025-09-03T10:40:33+01:00
http://200.59.88.43:50683/i,url,urlhaus_recent,2025-09-03T08:53:51+01:00,2025-09-03T10:40:33+01:00
http://202.169.234.54:55022/i,url,urlhaus_recent,2025-09-03T08:53:51+01:00,2025-09-03T10:40:33+01:00
http://207.65.186.15:37821/i,url,urlhaus_recent,2025-09-03T10:40:33+01:00,2025-09-03T10:40:33+01:00
http://213.21.237.96/bins/mirai.spc,url,urlhaus_recent,2025-09-03T08:53:51+01:00,2025-09-03T10:40:33+01:00
http://213.21.237.96/bins/mirai.x86,url,urlhaus_recent,2025-09-03T08:53:51+01:00,2025-09-03T10:40:33+01:00
http://213.21.237.96/bot.m68k,url,urlhaus_recent,2025-09-03T08:53:51+01:00,2025-09-03T10:40:33+01:00
http://213.21.237.96/bot.mips,url,urlhaus_recent,2025-09-03T08:53:51+01:00,2025-09-03T10:40:33+01:00
http://213.21.237.96/bot.mipsel,url,urlhaus_recent,2025-09-03T08:53:51+01:00,2025-09-03T10:40:33+01:00
http://213.21.237.96/bot.sh4,url,urlhaus_recent,2025-09-03T08:53:51+01:00,2025-09-03T10:40:33+01:00
http://213.21.237.96/bot.sparc,url,urlhaus_recent,2025-09-03T08:53:51+01:00,2025-09-03T10:40:33+01:00
http://213.21.237.96/bot.x86_64,url,urlhaus_recent,2025-09-03T08:53:51+01:00,2025-09-03T10:40:33+01:00
http://216.245.184.40/in/11.cmd,url,urlhaus_recent,2025-09-03T08:53:51+01:00,2025-09-03T10:40:33+01:00
http://216.8.224.147:37763/bin.sh,url,urlhaus_recent,2025-09-03T08:53:51+01:00,2025-09-03T10:40:33+01:00
http://221.14.43.251:33633/bin.sh,url,urlhaus_recent,2025-09-03T08:53:51+01:00,2025-09-03T10:40:33+01:00
http://221.15.186.94:34930/i,url,urlhaus_recent,2025-09-03T08:53:51+01:00,2025-09-03T10:40:33+01:00
http://221.15.190.117:60317/bin.sh,url,urlhaus_recent,2025-09-03T08:53:51+01:00,2025-09-03T10:40:33+01:00
http://221.15.190.117:60317/i,url,urlhaus_recent,2025-09-03T08:53:51+01:00,2025-09-03T10:40:33+01:00
http://221.15.6.77:45116/bin.sh,url,urlhaus_recent,2025-09-03T08:53:51+01:00,2025-09-03T10:40:33+01:00
http://221.15.6.77:45116/i,url,urlhaus_recent,2025-09-03T08:53:51+01:00,2025-09-03T10:40:33+01:00
http://221.202.218.249:46509/bin.sh,url,urlhaus_recent,2025-09-03T08:53:51+01:00,2025-09-03T10:40:33+01:00
http://221.202.22.251:51791/bin.sh,url,urlhaus_recent,2025-09-03T08:53:51+01:00,2025-09-03T10:40:33+01:00
http://221.3.88.60:38749/bin.sh,url,urlhaus_recent,2025-09-03T08:53:51+01:00,2025-09-03T10:40:33+01:00
http://221.3.88.60:38749/i,url,urlhaus_recent,2025-09-03T08:53:51+01:00,2025-09-03T10:40:33+01:00
http://222.134.171.236:35606/i,url,urlhaus_recent,2025-09-03T08:53:51+01:00,2025-09-03T10:40:33+01:00
http://222.136.39.148:52595/bin.sh,url,urlhaus_recent,2025-09-03T08:53:51+01:00,2025-09-03T10:40:33+01:00
http://222.137.75.196:60406/i,url,urlhaus_recent,2025-09-03T08:53:51+01:00,2025-09-03T10:40:33+01:00
http://222.140.182.110:60985/bin.sh,url,urlhaus_recent,2025-09-03T08:53:51+01:00,2025-09-03T10:40:33+01:00
http://222.140.184.172:46627/bin.sh,url,urlhaus_recent,2025-09-03T08:53:51+01:00,2025-09-03T10:40:33+01:00
http://222.141.47.21:39392/bin.sh,url,urlhaus_recent,2025-09-03T08:53:51+01:00,2025-09-03T10:40:33+01:00
http://222.141.47.21:39392/i,url,urlhaus_recent,2025-09-03T08:53:51+01:00,2025-09-03T10:40:33+01:00
http://222.142.245.22:53634/bin.sh,url,urlhaus_recent,2025-09-03T08:53:51+01:00,2025-09-03T10:40:33+01:00
http://27.193.120.22:38769/bin.sh,url,urlhaus_recent,2025-09-03T08:53:51+01:00,2025-09-03T10:40:33+01:00
http://27.193.120.22:38769/i,url,urlhaus_recent,2025-09-03T08:53:51+01:00,2025-09-03T10:40:33+01:00
http://27.193.170.166:60292/bin.sh,url,urlhaus_recent,2025-09-03T08:53:51+01:00,2025-09-03T10:40:33+01:00
http://27.193.170.166:60292/i,url,urlhaus_recent,2025-09-03T08:53:51+01:00,2025-09-03T10:40:33+01:00
http://27.204.195.215:58671/bin.sh,url,urlhaus_recent,2025-09-03T10:40:33+01:00,2025-09-03T10:40:33+01:00
http://27.215.154.142:37142/bin.sh,url,urlhaus_recent,2025-09-03T10:40:33+01:00,2025-09-03T10:40:33+01:00
http://27.215.154.142:37142/i,url,urlhaus_recent,2025-09-03T10:40:33+01:00,2025-09-03T10:40:33+01:00
http://27.215.176.223:54496/i,url,urlhaus_recent,2025-09-03T10:40:33+01:00,2025-09-03T10:40:33+01:00
http://27.215.180.200:42511/i,url,urlhaus_recent,2025-09-03T08:53:51+01:00,2025-09-03T10:40:33+01:00
http://27.215.36.158:49453/bin.sh,url,urlhaus_recent,2025-09-03T10:40:33+01:00,2025-09-03T10:40:33+01:00
http://27.215.36.158:49453/i,url,urlhaus_recent,2025-09-03T10:40:33+01:00,2025-09-03T10:40:33+01:00
http://27.215.85.59:39266/bin.sh,url,urlhaus_recent,2025-09-03T10:40:33+01:00,2025-09-03T10:40:33+01:00
http://27.215.85.59:39266/i,url,urlhaus_recent,2025-09-03T10:40:33+01:00,2025-09-03T10:40:33+01:00
http://27.220.90.153:55828/bin.sh,url,urlhaus_recent,2025-09-03T08:53:51+01:00,2025-09-03T10:40:33+01:00
http://31.140.175.17:58752/Mozi.a,url,urlhaus_recent,2025-09-03T08:53:51+01:00,2025-09-03T10:40:33+01:00
http://39.105.36.205:8000/CS2/Client/cobaltstrike-client.jar,url,urlhaus_recent,2025-09-03T08:53:51+01:00,2025-09-03T10:40:33+01:00
http://39.105.36.205:8000/CS2/Client/cobaltstrike.jar,url,urlhaus_recent,2025-09-03T08:53:51+01:00,2025-09-03T10:40:33+01:00
http://39.105.36.205:8000/ew_for_Linux32,url,urlhaus_recent,2025-09-03T08:53:51+01:00,2025-09-03T10:40:33+01:00
http://39.105.36.205:8000/ew_for_linux64,url,urlhaus_recent,2025-09-03T08:53:51+01:00,2025-09-03T10:40:33+01:00
http://39.105.36.205:8000/windows_x64_admin.exe,url,urlhaus_recent,2025-09-03T08:53:51+01:00,2025-09-03T10:40:33+01:00
http://39.71.204.209:43823/i,url,urlhaus_recent,2025-09-03T08:53:51+01:00,2025-09-03T10:40:33+01:00
http://39.90.146.48:53511/i,url,urlhaus_recent,2025-09-03T08:53:51+01:00,2025-09-03T10:40:33+01:00
http://42.224.139.160:57241/bin.sh,url,urlhaus_recent,2025-09-03T08:53:51+01:00,2025-09-03T10:40:33+01:00
http://42.224.192.13:54320/bin.sh,url,urlhaus_recent,2025-09-03T08:53:51+01:00,2025-09-03T10:40:33+01:00
http://42.224.209.239:57262/bin.sh,url,urlhaus_recent,2025-09-03T08:53:51+01:00,2025-09-03T10:40:33+01:00
http://42.224.209.239:57262/i,url,urlhaus_recent,2025-09-03T08:53:51+01:00,2025-09-03T10:40:33+01:00
http://42.227.151.216:51988/i,url,urlhaus_recent,2025-09-03T08:53:51+01:00,2025-09-03T10:40:33+01:00
http://42.227.246.221:59301/bin.sh,url,urlhaus_recent,2025-09-03T08:53:51+01:00,2025-09-03T10:40:33+01:00
http://42.227.246.221:59301/i,url,urlhaus_recent,2025-09-03T08:53:51+01:00,2025-09-03T10:40:33+01:00
http://42.228.124.84:41406/i,url,urlhaus_recent,2025-09-03T10:40:33+01:00,2025-09-03T10:40:33+01:00
http://42.231.95.217:54319/bin.sh,url,urlhaus_recent,2025-09-03T08:53:51+01:00,2025-09-03T10:40:33+01:00
http://42.231.95.217:54319/i,url,urlhaus_recent,2025-09-03T08:53:51+01:00,2025-09-03T10:40:33+01:00
http://42.233.107.55:57620/bin.sh,url,urlhaus_recent,2025-09-03T10:40:33+01:00,2025-09-03T10:40:33+01:00
http://42.234.156.56:39978/bin.sh,url,urlhaus_recent,2025-09-03T10:40:33+01:00,2025-09-03T10:40:33+01:00
http://42.234.156.56:39978/i,url,urlhaus_recent,2025-09-03T08:53:51+01:00,2025-09-03T10:40:33+01:00
http://42.235.148.151:42922/bin.sh,url,urlhaus_recent,2025-09-03T08:53:51+01:00,2025-09-03T10:40:33+01:00
http://42.237.12.219:37983/bin.sh,url,urlhaus_recent,2025-09-03T08:53:51+01:00,2025-09-03T10:40:33+01:00
http://42.237.12.219:37983/i,url,urlhaus_recent,2025-09-03T10:40:33+01:00,2025-09-03T10:40:33+01:00
http://42.238.82.201:40712/bin.sh,url,urlhaus_recent,2025-09-03T08:53:51+01:00,2025-09-03T10:40:33+01:00
http://42.239.190.124:43430/bin.sh,url,urlhaus_recent,2025-09-03T08:53:51+01:00,2025-09-03T10:40:33+01:00
http://42.239.247.60:58634/i,url,urlhaus_recent,2025-09-03T08:53:51+01:00,2025-09-03T10:40:33+01:00
http://42.239.247.7:50252/bin.sh,url,urlhaus_recent,2025-09-03T08:53:51+01:00,2025-09-03T10:40:33+01:00
http://42.239.247.7:50252/i,url,urlhaus_recent,2025-09-03T08:53:51+01:00,2025-09-03T10:40:33+01:00
http://42.53.62.93:53711/bin.sh,url,urlhaus_recent,2025-09-03T08:53:51+01:00,2025-09-03T10:40:33+01:00
http://42.53.62.93:53711/i,url,urlhaus_recent,2025-09-03T08:53:51+01:00,2025-09-03T10:40:33+01:00
http://42.55.115.82:52574/bin.sh,url,urlhaus_recent,2025-09-03T08:53:51+01:00,2025-09-03T10:40:33+01:00
http://42.55.115.82:52574/i,url,urlhaus_recent,2025-09-03T08:53:51+01:00,2025-09-03T10:40:33+01:00
http://43.248.100.84:2005/buding/139Assicc.dll,url,urlhaus_recent,2025-09-03T08:53:51+01:00,2025-09-03T10:40:33+01:00
http://43.248.118.178:81/buding/3DExplor.dll,url,urlhaus_recent,2025-09-03T08:53:51+01:00,2025-09-03T10:40:33+01:00
http://43.248.133.20:88/buding/139Assicc.dll,url,urlhaus_recent,2025-09-03T08:53:51+01:00,2025-09-03T10:40:33+01:00
http://45.125.66.89/arc,url,urlhaus_recent,2025-09-03T08:53:51+01:00,2025-09-03T10:40:33+01:00
http://45.125.66.89/armv4l,url,urlhaus_recent,2025-09-03T08:53:51+01:00,2025-09-03T10:40:33+01:00
http://45.125.66.89/armv5l,url,urlhaus_recent,2025-09-03T08:53:51+01:00,2025-09-03T10:40:33+01:00
http://45.125.66.89/armv6l,url,urlhaus_recent,2025-09-03T08:53:51+01:00,2025-09-03T10:40:33+01:00
http://45.125.66.89/armv7l,url,urlhaus_recent,2025-09-03T08:53:51+01:00,2025-09-03T10:40:33+01:00
http://45.125.66.89/i586,url,urlhaus_recent,2025-09-03T08:53:51+01:00,2025-09-03T10:40:33+01:00
http://45.125.66.89/i686,url,urlhaus_recent,2025-09-03T08:53:51+01:00,2025-09-03T10:40:33+01:00
http://45.125.66.89/mipsel,url,urlhaus_recent,2025-09-03T08:53:51+01:00,2025-09-03T10:40:33+01:00
http://45.125.66.89/sparc,url,urlhaus_recent,2025-09-03T08:53:51+01:00,2025-09-03T10:40:33+01:00
http://46.100.5.56:45003/02.08.2022.exe,url,urlhaus_recent,2025-09-03T10:40:33+01:00,2025-09-03T10:40:33+01:00
http://47.104.144.93:81/dnf_8.sh,url,urlhaus_recent,2025-09-03T08:53:51+01:00,2025-09-03T10:40:33+01:00
http://47.104.144.93:81/download-115.sh,url,urlhaus_recent,2025-09-03T08:53:51+01:00,2025-09-03T10:40:33+01:00
http://47.104.144.93:81/download-47_new.sh,url,urlhaus_recent,2025-09-03T08:53:51+01:00,2025-09-03T10:40:33+01:00
http://47.104.144.93:81/download-55.sh,url,urlhaus_recent,2025-09-03T08:53:51+01:00,2025-09-03T10:40:33+01:00
http://47.104.144.93:81/download-55_new.sh,url,urlhaus_recent,2025-09-03T08:53:51+01:00,2025-09-03T10:40:33+01:00
http://47.104.144.93:81/download-rocky.sh,url,urlhaus_recent,2025-09-03T08:53:51+01:00,2025-09-03T10:40:33+01:00
http://47.104.144.93:81/install.sh,url,urlhaus_recent,2025-09-03T08:53:51+01:00,2025-09-03T10:40:33+01:00
http://47.104.144.93:81/install_new.sh,url,urlhaus_recent,2025-09-03T08:53:51+01:00,2025-09-03T10:40:33+01:00
http://47.104.144.93:81/install_rocky.sh,url,urlhaus_recent,2025-09-03T08:53:51+01:00,2025-09-03T10:40:33+01:00
http://47.104.144.93:81/installcallcenter_centos7_4.2_http.sh,url,urlhaus_recent,2025-09-03T08:53:51+01:00,2025-09-03T10:40:33+01:00
http://58.87.92.169:99/35buding/139Assicc.dll,url,urlhaus_recent,2025-09-03T08:53:51+01:00,2025-09-03T10:40:33+01:00
http://59.47.231.141:8004/hjbdhuaijiu/3DExplor.dll,url,urlhaus_recent,2025-09-03T08:53:51+01:00,2025-09-03T10:40:33+01:00
http://59.88.154.96:45869/bin.sh,url,urlhaus_recent,2025-09-03T08:53:51+01:00,2025-09-03T10:40:33+01:00
http://59.88.154.96:45869/i,url,urlhaus_recent,2025-09-03T08:53:51+01:00,2025-09-03T10:40:33+01:00
http://59.96.124.106:43555/bin.sh,url,urlhaus_recent,2025-09-03T08:53:51+01:00,2025-09-03T10:40:33+01:00
http://59.96.124.106:43555/i,url,urlhaus_recent,2025-09-03T10:40:33+01:00,2025-09-03T10:40:33+01:00
http://61.53.127.198:34746/i,url,urlhaus_recent,2025-09-03T08:53:51+01:00,2025-09-03T10:40:33+01:00
http://61.53.138.242:59035/i,url,urlhaus_recent,2025-09-03T10:40:33+01:00,2025-09-03T10:40:33+01:00
http://61.53.237.197:49406/i,url,urlhaus_recent,2025-09-03T08:53:51+01:00,2025-09-03T10:40:33+01:00
http://61.53.88.195:60129/bin.sh,url,urlhaus_recent,2025-09-03T08:53:51+01:00,2025-09-03T10:40:33+01:00
http://61.53.88.195:60129/i,url,urlhaus_recent,2025-09-03T08:53:51+01:00,2025-09-03T10:40:33+01:00
http://77.73.131.224:5554/CookAutoFDllOpFire.dll,url,urlhaus_recent,2025-09-03T08:53:51+01:00,2025-09-03T10:40:33+01:00
http://77.73.131.224:5554/DocumentGrabber.dll,url,urlhaus_recent,2025-09-03T08:53:51+01:00,2025-09-03T10:40:33+01:00
http://77.73.131.224:5554/ExtentWallet.dll,url,urlhaus_recent,2025-09-03T08:53:51+01:00,2025-09-03T10:40:33+01:00
http://77.73.131.224:5554/FileZilla.dll,url,urlhaus_recent,2025-09-03T08:53:51+01:00,2025-09-03T10:40:33+01:00
http://77.73.131.224:5554/WalletSorterDLL.dll,url,urlhaus_recent,2025-09-03T08:53:51+01:00,2025-09-03T10:40:33+01:00
http://77.73.131.224:5554/additional_tool.exe,url,urlhaus_recent,2025-09-03T08:53:51+01:00,2025-09-03T10:40:33+01:00
http://77.73.131.224:5554/another_tool.exe,url,urlhaus_recent,2025-09-03T08:53:51+01:00,2025-09-03T10:40:33+01:00
http://77.73.131.224:5554/chrome_decrypt.dll,url,urlhaus_recent,2025-09-03T08:53:51+01:00,2025-09-03T10:40:33+01:00
http://77.73.131.224:5554/chrome_inject.exe,url,urlhaus_recent,2025-09-03T08:53:51+01:00,2025-09-03T10:40:33+01:00
http://77.73.131.224:5554/extra_tool.exe,url,urlhaus_recent,2025-09-03T08:53:51+01:00,2025-09-03T10:40:33+01:00
http://77.73.131.224:5554/info.dll,url,urlhaus_recent,2025-09-03T08:53:51+01:00,2025-09-03T10:40:33+01:00
http://77.73.131.224:5554/my_new_dll.dll,url,urlhaus_recent,2025-09-03T08:53:51+01:00,2025-09-03T10:40:33+01:00
http://77.73.131.224:5554/password_formatter.dll,url,urlhaus_recent,2025-09-03T08:53:51+01:00,2025-09-03T10:40:33+01:00
http://77.73.131.224:5554/processes.dll,url,urlhaus_recent,2025-09-03T08:53:51+01:00,2025-09-03T10:40:33+01:00
http://77.73.131.224:5554/screenshot.dll,url,urlhaus_recent,2025-09-03T08:53:51+01:00,2025-09-03T10:40:33+01:00
http://77.73.131.224:5554/software.dll,url,urlhaus_recent,2025-09-03T08:53:51+01:00,2025-09-03T10:40:33+01:00
http://77.73.131.224:5554/steam_config_backup.dll,url,urlhaus_recent,2025-09-03T08:53:51+01:00,2025-09-03T10:40:33+01:00
http://77.73.131.224:5554/telegram_data_mover.dll,url,urlhaus_recent,2025-09-03T08:53:51+01:00,2025-09-03T10:40:33+01:00
http://77.83.240.93/aaa,url,urlhaus_recent,2025-09-03T08:53:51+01:00,2025-09-03T10:40:33+01:00
http://77.83.240.93/av.sh,url,urlhaus_recent,2025-09-03T08:53:51+01:00,2025-09-03T10:40:33+01:00
http://77.83.240.93/b,url,urlhaus_recent,2025-09-03T08:53:51+01:00,2025-09-03T10:40:33+01:00
http://77.83.240.93/bot.arm4,url,urlhaus_recent,2025-09-03T08:53:51+01:00,2025-09-03T10:40:33+01:00
http://77.83.240.93/bot.arm5,url,urlhaus_recent,2025-09-03T08:53:51+01:00,2025-09-03T10:40:33+01:00
http://77.83.240.93/bot.arm6,url,urlhaus_recent,2025-09-03T08:53:51+01:00,2025-09-03T10:40:33+01:00
http://77.83.240.93/bot.arm7,url,urlhaus_recent,2025-09-03T08:53:51+01:00,2025-09-03T10:40:33+01:00
http://77.83.240.93/bot.armv4l,url,urlhaus_recent,2025-09-03T08:53:51+01:00,2025-09-03T10:40:33+01:00
http://77.83.240.93/bot.armv5l,url,urlhaus_recent,2025-09-03T08:53:51+01:00,2025-09-03T10:40:33+01:00
http://77.83.240.93/bot.armv6l,url,urlhaus_recent,2025-09-03T08:53:51+01:00,2025-09-03T10:40:33+01:00
http://77.83.240.93/bot.armv7l,url,urlhaus_recent,2025-09-03T08:53:51+01:00,2025-09-03T10:40:33+01:00
http://77.83.240.93/bot.arvm7l,url,urlhaus_recent,2025-09-03T08:53:51+01:00,2025-09-03T10:40:33+01:00
http://77.83.240.93/bot.i586,url,urlhaus_recent,2025-09-03T08:53:51+01:00,2025-09-03T10:40:33+01:00
http://77.83.240.93/bot.i686,url,urlhaus_recent,2025-09-03T08:53:51+01:00,2025-09-03T10:40:33+01:00
http://77.83.240.93/bot.m68k,url,urlhaus_recent,2025-09-03T08:53:51+01:00,2025-09-03T10:40:33+01:00
http://77.83.240.93/bot.mips,url,urlhaus_recent,2025-09-03T08:53:51+01:00,2025-09-03T10:40:33+01:00
http://77.83.240.93/bot.mipsel,url,urlhaus_recent,2025-09-03T08:53:51+01:00,2025-09-03T10:40:33+01:00
http://77.83.240.93/bot.mpsl,url,urlhaus_recent,2025-09-03T08:53:51+01:00,2025-09-03T10:40:33+01:00
http://77.83.240.93/bot.ppc,url,urlhaus_recent,2025-09-03T08:53:51+01:00,2025-09-03T10:40:33+01:00
http://77.83.240.93/bot.spc,url,urlhaus_recent,2025-09-03T08:53:51+01:00,2025-09-03T10:40:33+01:00
http://77.83.240.93/bot.x86,url,urlhaus_recent,2025-09-03T08:53:51+01:00,2025-09-03T10:40:33+01:00
http://77.83.240.93/bot.x86_64,url,urlhaus_recent,2025-09-03T08:53:51+01:00,2025-09-03T10:40:33+01:00
http://77.83.240.93/curl.sh,url,urlhaus_recent,2025-09-03T08:53:51+01:00,2025-09-03T10:40:33+01:00
http://77.83.240.93/dddd,url,urlhaus_recent,2025-09-03T08:53:51+01:00,2025-09-03T10:40:33+01:00
http://77.83.240.93/dlr.arm,url,urlhaus_recent,2025-09-03T08:53:51+01:00,2025-09-03T10:40:33+01:00
http://77.83.240.93/dlr.arm5,url,urlhaus_recent,2025-09-03T08:53:51+01:00,2025-09-03T10:40:33+01:00
http://77.83.240.93/dlr.arm6,url,urlhaus_recent,2025-09-03T08:53:51+01:00,2025-09-03T10:40:33+01:00
http://77.83.240.93/dlr.arm7,url,urlhaus_recent,2025-09-03T08:53:51+01:00,2025-09-03T10:40:33+01:00
http://77.83.240.93/dlr.m68k,url,urlhaus_recent,2025-09-03T08:53:51+01:00,2025-09-03T10:40:33+01:00
http://77.83.240.93/dlr.mips,url,urlhaus_recent,2025-09-03T08:53:51+01:00,2025-09-03T10:40:33+01:00
http://77.83.240.93/dlr.mpsl,url,urlhaus_recent,2025-09-03T08:53:51+01:00,2025-09-03T10:40:33+01:00
http://77.83.240.93/dlr.ppc,url,urlhaus_recent,2025-09-03T08:53:51+01:00,2025-09-03T10:40:33+01:00
http://77.83.240.93/dlr.sh4,url,urlhaus_recent,2025-09-03T08:53:51+01:00,2025-09-03T10:40:33+01:00
http://77.83.240.93/dlr.spc,url,urlhaus_recent,2025-09-03T08:53:51+01:00,2025-09-03T10:40:33+01:00
http://77.83.240.93/dlr.x86,url,urlhaus_recent,2025-09-03T08:53:51+01:00,2025-09-03T10:40:33+01:00
http://77.83.240.93/dvr,url,urlhaus_recent,2025-09-03T08:53:51+01:00,2025-09-03T10:40:33+01:00
http://77.83.240.93/ftpget.sh,url,urlhaus_recent,2025-09-03T08:53:51+01:00,2025-09-03T10:40:33+01:00
http://77.83.240.93/goahead.sh,url,urlhaus_recent,2025-09-03T08:53:51+01:00,2025-09-03T10:40:33+01:00
http://77.83.240.93/info.zip,url,urlhaus_recent,2025-09-03T08:53:51+01:00,2025-09-03T10:40:33+01:00
http://77.83.240.93/l,url,urlhaus_recent,2025-09-03T08:53:51+01:00,2025-09-03T10:40:33+01:00
http://77.83.240.93/linnn,url,urlhaus_recent,2025-09-03T08:53:51+01:00,2025-09-03T10:40:33+01:00
http://77.83.240.93/mips,url,urlhaus_recent,2025-09-03T08:53:51+01:00,2025-09-03T10:40:33+01:00
http://77.83.240.93/mpsl,url,urlhaus_recent,2025-09-03T08:53:51+01:00,2025-09-03T10:40:33+01:00
http://77.83.240.93/n,url,urlhaus_recent,2025-09-03T08:53:51+01:00,2025-09-03T10:40:33+01:00
http://77.83.240.93/nsh,url,urlhaus_recent,2025-09-03T08:53:51+01:00,2025-09-03T10:40:33+01:00
http://77.83.240.93/ruck,url,urlhaus_recent,2025-09-03T08:53:51+01:00,2025-09-03T10:40:33+01:00
http://77.83.240.93/t,url,urlhaus_recent,2025-09-03T08:53:51+01:00,2025-09-03T10:40:33+01:00
http://77.83.240.93/tftp.sh,url,urlhaus_recent,2025-09-03T08:53:51+01:00,2025-09-03T10:40:33+01:00
http://77.83.240.93/wget_telnet.sh,url,urlhaus_recent,2025-09-03T08:53:51+01:00,2025-09-03T10:40:33+01:00
http://77.83.240.93/z/bot.armv4l,url,urlhaus_recent,2025-09-03T08:53:51+01:00,2025-09-03T10:40:33+01:00
http://77.83.240.93/z/bot.armv5l,url,urlhaus_recent,2025-09-03T08:53:51+01:00,2025-09-03T10:40:33+01:00
http://77.83.240.93/z/bot.armv6l,url,urlhaus_recent,2025-09-03T08:53:51+01:00,2025-09-03T10:40:33+01:00
http://77.83.240.93/z/bot.armv7l,url,urlhaus_recent,2025-09-03T08:53:51+01:00,2025-09-03T10:40:33+01:00
http://77.83.240.93/z/bot.i586,url,urlhaus_recent,2025-09-03T08:53:51+01:00,2025-09-03T10:40:33+01:00
http://77.83.240.93/z/bot.i686,url,urlhaus_recent,2025-09-03T08:53:51+01:00,2025-09-03T10:40:33+01:00
http://77.83.240.93/z/bot.mips,url,urlhaus_recent,2025-09-03T08:53:51+01:00,2025-09-03T10:40:33+01:00
http://77.83.240.93/z/bot.mipsel,url,urlhaus_recent,2025-09-03T08:53:51+01:00,2025-09-03T10:40:33+01:00
http://77.83.240.93/z/info.zip,url,urlhaus_recent,2025-09-03T08:53:51+01:00,2025-09-03T10:40:33+01:00
http://78.187.104.169:60753/bin.sh,url,urlhaus_recent,2025-09-03T10:40:33+01:00,2025-09-03T10:40:33+01:00
http://78.187.104.169:60753/i,url,urlhaus_recent,2025-09-03T10:40:33+01:00,2025-09-03T10:40:33+01:00
http://81.227.222.68/arm4,url,urlhaus_recent,2025-09-03T08:53:51+01:00,2025-09-03T10:40:33+01:00
http://81.227.222.68/arm5,url,urlhaus_recent,2025-09-03T08:53:51+01:00,2025-09-03T10:40:33+01:00
http://81.227.222.68/arm7,url,urlhaus_recent,2025-09-03T08:53:51+01:00,2025-09-03T10:40:33+01:00
http://81.227.222.68/mips,url,urlhaus_recent,2025-09-03T08:53:51+01:00,2025-09-03T10:40:33+01:00
http://81.227.222.68/mpsl,url,urlhaus_recent,2025-09-03T08:53:51+01:00,2025-09-03T10:40:33+01:00
http://85.208.84.41/1.exe,url,urlhaus_recent,2025-09-03T08:53:51+01:00,2025-09-03T10:40:33+01:00
http://85.208.84.41/2.exe,url,urlhaus_recent,2025-09-03T08:53:51+01:00,2025-09-03T10:40:33+01:00
http://85.208.84.41/3.exe,url,urlhaus_recent,2025-09-03T08:53:51+01:00,2025-09-03T10:40:33+01:00
http://85.208.84.41/4.exe,url,urlhaus_recent,2025-09-03T08:53:51+01:00,2025-09-03T10:40:33+01:00
http://85.208.84.41/amadey.exe,url,urlhaus_recent,2025-09-03T08:53:51+01:00,2025-09-03T10:40:33+01:00
http://85.208.84.41/dll.dll,url,urlhaus_recent,2025-09-03T08:53:51+01:00,2025-09-03T10:40:33+01:00
http://85.96.228.226:42572/i,url,urlhaus_recent,2025-09-03T08:53:51+01:00,2025-09-03T10:40:33+01:00
http://88.247.222.82:40178/bin.sh,url,urlhaus_recent,2025-09-03T08:53:51+01:00,2025-09-03T10:40:33+01:00
http://88.247.222.82:40178/i,url,urlhaus_recent,2025-09-03T10:40:33+01:00,2025-09-03T10:40:33+01:00
http://91.208.162.96/hiddenbin/boatnet.arc,url,urlhaus_recent,2025-09-03T08:53:51+01:00,2025-09-03T10:40:33+01:00
http://91.208.162.96/hiddenbin/boatnet.arm,url,urlhaus_recent,2025-09-03T08:53:51+01:00,2025-09-03T10:40:33+01:00
http://91.208.162.96/hiddenbin/boatnet.arm5,url,urlhaus_recent,2025-09-03T08:53:51+01:00,2025-09-03T10:40:33+01:00
http://91.208.162.96/hiddenbin/boatnet.arm6,url,urlhaus_recent,2025-09-03T08:53:51+01:00,2025-09-03T10:40:33+01:00
http://91.208.162.96/hiddenbin/boatnet.arm7,url,urlhaus_recent,2025-09-03T08:53:51+01:00,2025-09-03T10:40:33+01:00
http://91.208.162.96/hiddenbin/boatnet.i468,url,urlhaus_recent,2025-09-03T08:53:51+01:00,2025-09-03T10:40:33+01:00
http://91.208.162.96/hiddenbin/boatnet.i686,url,urlhaus_recent,2025-09-03T08:53:51+01:00,2025-09-03T10:40:33+01:00
http://91.208.162.96/hiddenbin/boatnet.m68k,url,urlhaus_recent,2025-09-03T08:53:51+01:00,2025-09-03T10:40:33+01:00
http://91.208.162.96/hiddenbin/boatnet.mips,url,urlhaus_recent,2025-09-03T08:53:51+01:00,2025-09-03T10:40:33+01:00
http://91.208.162.96/hiddenbin/boatnet.mpsl,url,urlhaus_recent,2025-09-03T08:53:51+01:00,2025-09-03T10:40:33+01:00
http://91.208.162.96/hiddenbin/boatnet.ppc,url,urlhaus_recent,2025-09-03T08:53:51+01:00,2025-09-03T10:40:33+01:00
http://91.208.162.96/hiddenbin/boatnet.sh4,url,urlhaus_recent,2025-09-03T08:53:51+01:00,2025-09-03T10:40:33+01:00
http://91.208.162.96/hiddenbin/boatnet.spc,url,urlhaus_recent,2025-09-03T08:53:51+01:00,2025-09-03T10:40:33+01:00
http://91.208.162.96/hiddenbin/boatnet.x86,url,urlhaus_recent,2025-09-03T08:53:51+01:00,2025-09-03T10:40:33+01:00
http://91.208.162.96/hiddenbin/boatnet.x86_64,url,urlhaus_recent,2025-09-03T08:53:51+01:00,2025-09-03T10:40:33+01:00
http://94.19.220.34:9800/Videoteka/IMG001.exe,url,urlhaus_recent,2025-09-03T08:53:51+01:00,2025-09-03T10:40:33+01:00
http://95.15.12.11:34902/Mozi.a,url,urlhaus_recent,2025-09-03T08:53:51+01:00,2025-09-03T10:40:33+01:00
http://95.15.12.11:34902/bin.sh,url,urlhaus_recent,2025-09-03T10:40:33+01:00,2025-09-03T10:40:33+01:00
http://95.15.12.11:34902/i,url,urlhaus_recent,2025-09-03T08:53:51+01:00,2025-09-03T10:40:33+01:00
http://cf-cap-load.cfd/static/cosmali.ps1,url,urlhaus_recent,2025-09-03T08:53:51+01:00,2025-09-03T10:40:33+01:00
http://maingravel.com/Yafbxt.exe,url,urlhaus_recent,2025-09-03T08:53:51+01:00,2025-09-03T10:40:33+01:00
https://11.jujosuu4.ru/2l4vkay5s8.flac,url,urlhaus_recent,2025-09-03T08:53:51+01:00,2025-09-03T10:40:33+01:00
https://11.jujosuu4.ru/5rqzq95kft.flac,url,urlhaus_recent,2025-09-03T08:53:51+01:00,2025-09-03T10:40:33+01:00
https://151.25.177.53:8443/sda1/AV.lnk,url,urlhaus_recent,2025-09-03T08:53:51+01:00,2025-09-03T10:40:33+01:00
https://151.25.177.53:8443/sda1/AV.scr,url,urlhaus_recent,2025-09-03T08:53:51+01:00,2025-09-03T10:40:33+01:00
https://151.25.177.53:8443/sda1/Photo.lnk,url,urlhaus_recent,2025-09-03T08:53:51+01:00,2025-09-03T10:40:33+01:00
https://151.25.177.53:8443/sda1/Photo.scr,url,urlhaus_recent,2025-09-03T08:53:51+01:00,2025-09-03T10:40:33+01:00
https://151.25.177.53:8443/sda1/Video.lnk,url,urlhaus_recent,2025-09-03T08:53:51+01:00,2025-09-03T10:40:33+01:00
https://151.25.177.53:8443/sda1/Video.scr,url,urlhaus_recent,2025-09-03T08:53:51+01:00,2025-09-03T10:40:33+01:00
https://acrobat-updater.com/5f109e7bb3df4dea81946f2f853da288,url,urlhaus_recent,2025-09-03T08:53:51+01:00,2025-09-03T10:40:33+01:00
https://acrobat-updater.com/generate,url,urlhaus_recent,2025-09-03T08:53:51+01:00,2025-09-03T10:40:33+01:00
https://archive.org/download/skateboard_output/skateboard_output.jpg,url,urlhaus_recent,2025-09-03T10:40:33+01:00,2025-09-03T10:40:33+01:00
https://bafybeiczynxttyfuspwnuinsw54och2tkicvhh3czwlxvmjlvjfkabw764.ipfs.dweb.link/?filename=TUESDAYConvertedFile.txt,url,urlhaus_recent,2025-09-03T10:40:33+01:00,2025-09-03T10:40:33+01:00
https://clgnymc.org/EXTENSAO-NOVA.crx,url,urlhaus_recent,2025-09-03T08:53:51+01:00,2025-09-03T10:40:33+01:00
https://crisp.cucy.ru/2dc065f62ee8774c2517bf4c4d2c1211,url,urlhaus_recent,2025-09-03T08:53:51+01:00,2025-09-03T10:40:33+01:00
https://ewg.jujosuu4.ru/c6vp1olqk4.flac,url,urlhaus_recent,2025-09-03T08:53:51+01:00,2025-09-03T10:40:33+01:00
https://ewg.jujosuu4.ru/f4foz2wnw8.flac,url,urlhaus_recent,2025-09-03T08:53:51+01:00,2025-09-03T10:40:33+01:00
https://ewg.jujosuu4.ru/knzrzmc64w.flac,url,urlhaus_recent,2025-09-03T08:53:51+01:00,2025-09-03T10:40:33+01:00
https://github.com/justin1823/test_repo111/releases/download/t/final.zip,url,urlhaus_recent,2025-09-03T08:53:51+01:00,2025-09-03T10:40:33+01:00
https://ia601604.us.archive.org/22/items/acrobat-updater.com/acrobat-updater.com.txt,url,urlhaus_recent,2025-09-03T08:53:51+01:00,2025-09-03T10:40:33+01:00
https://ia801003.us.archive.org/24/items/realomadrido2025/tragira.jpg,url,urlhaus_recent,2025-09-03T08:53:51+01:00,2025-09-03T10:40:33+01:00
https://info-2go.com/ajax/pixi.min.js,url,urlhaus_recent,2025-09-03T08:53:51+01:00,2025-09-03T10:40:33+01:00
https://loe.jujosuu4.ru/2z3hrty6il.flac,url,urlhaus_recent,2025-09-03T08:53:51+01:00,2025-09-03T10:40:33+01:00
https://loe.jujosuu4.ru/32tgshmrza.flac,url,urlhaus_recent,2025-09-03T08:53:51+01:00,2025-09-03T10:40:33+01:00
https://loe.jujosuu4.ru/3igsu5jmw7.flac,url,urlhaus_recent,2025-09-03T08:53:51+01:00,2025-09-03T10:40:33+01:00
https://loe.jujosuu4.ru/8akauxvv5a.flac,url,urlhaus_recent,2025-09-03T08:53:51+01:00,2025-09-03T10:40:33+01:00
https://loe.jujosuu4.ru/bcqus1s9o0.flac,url,urlhaus_recent,2025-09-03T08:53:51+01:00,2025-09-03T10:40:33+01:00
https://loe.jujosuu4.ru/bxkh0d6en7.flac,url,urlhaus_recent,2025-09-03T08:53:51+01:00,2025-09-03T10:40:33+01:00
https://loe.jujosuu4.ru/dq9ucyjknm.flac,url,urlhaus_recent,2025-09-03T08:53:51+01:00,2025-09-03T10:40:33+01:00
https://loe.jujosuu4.ru/eey72hutjg.flac,url,urlhaus_recent,2025-09-03T10:40:33+01:00,2025-09-03T10:40:33+01:00
https://loe.jujosuu4.ru/gyaau7gyix.flac,url,urlhaus_recent,2025-09-03T08:53:51+01:00,2025-09-03T10:40:33+01:00
https://loe.jujosuu4.ru/ioeax64b3h.flac,url,urlhaus_recent,2025-09-03T08:53:51+01:00,2025-09-03T10:40:33+01:00
https://loe.jujosuu4.ru/jjs6ppe7ka.flac,url,urlhaus_recent,2025-09-03T08:53:51+01:00,2025-09-03T10:40:33+01:00
https://loe.jujosuu4.ru/ovp1s7tbol.flac,url,urlhaus_recent,2025-09-03T10:40:33+01:00,2025-09-03T10:40:33+01:00
https://loe.jujosuu4.ru/r665regiq0.flac,url,urlhaus_recent,2025-09-03T08:53:51+01:00,2025-09-03T10:40:33+01:00
https://loe.jujosuu4.ru/th9dlv8z96.flac,url,urlhaus_recent,2025-09-03T10:40:33+01:00,2025-09-03T10:40:33+01:00
https://loe.jujosuu4.ru/wu2hkmdkqc.flac,url,urlhaus_recent,2025-09-03T08:53:51+01:00,2025-09-03T10:40:33+01:00
https://loe.jujosuu4.ru/x4q7y1wcxk.flac,url,urlhaus_recent,2025-09-03T08:53:51+01:00,2025-09-03T10:40:33+01:00
https://loe.jujosuu4.ru/xmfrdcbt1q.flac,url,urlhaus_recent,2025-09-03T08:53:51+01:00,2025-09-03T10:40:33+01:00
https://loe.jujosuu4.ru/zgvz8sth43.flac,url,urlhaus_recent,2025-09-03T10:40:33+01:00,2025-09-03T10:40:33+01:00
https://progressdev.xyz/apple/,url,urlhaus_recent,2025-09-03T10:40:33+01:00,2025-09-03T10:40:33+01:00
https://progressdev.xyz/bin/,url,urlhaus_recent,2025-09-03T10:40:33+01:00,2025-09-03T10:40:33+01:00
https://progressdev.xyz/library/,url,urlhaus_recent,2025-09-03T10:40:33+01:00,2025-09-03T10:40:33+01:00
https://progressdev.xyz/network/,url,urlhaus_recent,2025-09-03T10:40:33+01:00,2025-09-03T10:40:33+01:00
https://progressdev.xyz/out.zip,url,urlhaus_recent,2025-09-03T10:40:33+01:00,2025-09-03T10:40:33+01:00
https://progressdev.xyz/storage/,url,urlhaus_recent,2025-09-03T10:40:33+01:00,2025-09-03T10:40:33+01:00
https://pub-1e4f784a849d4b38ac2c6b72e284d6c4.r2.dev/INVITATION.exe,url,urlhaus_recent,2025-09-03T08:53:51+01:00,2025-09-03T10:40:33+01:00
https://raw.githubusercontent.com/DONW2023/ASDFGGAS/main/AtualizarParceiro.apk,url,urlhaus_recent,2025-09-03T08:53:51+01:00,2025-09-03T10:40:33+01:00
https://raw.githubusercontent.com/DONW2023/RG/main/AtualizarParceiros.apk,url,urlhaus_recent,2025-09-03T08:53:51+01:00,2025-09-03T10:40:33+01:00
https://raw.githubusercontent.com/DONW2023/RGFGG/main/Atualizarbeneficios.apk,url,urlhaus_recent,2025-09-03T08:53:51+01:00,2025-09-03T10:40:33+01:00
https://raw.githubusercontent.com/DONW2023/RTF2WRTF/main/PAG%20BENEFICIOS.apk,url,urlhaus_recent,2025-09-03T08:53:51+01:00,2025-09-03T10:40:33+01:00
https://raw.githubusercontent.com/DONW2023/adff/main/Caixa%20.apk,url,urlhaus_recent,2025-09-03T08:53:51+01:00,2025-09-03T10:40:33+01:00
https://raw.githubusercontent.com/DONW2023/asfa/main/BeneficiosPag.apk,url,urlhaus_recent,2025-09-03T08:53:51+01:00,2025-09-03T10:40:33+01:00
https://raw.githubusercontent.com/DONW2023/att/main/PagVendas.apk,url,urlhaus_recent,2025-09-03T08:53:51+01:00,2025-09-03T10:40:33+01:00
https://raw.githubusercontent.com/DONW2023/bjhf/main/Atualizarbeneficios.apk,url,urlhaus_recent,2025-09-03T08:53:51+01:00,2025-09-03T10:40:33+01:00
https://raw.githubusercontent.com/DONW2023/dfgdfd/main/AtualizarPagVendas.apk,url,urlhaus_recent,2025-09-03T08:53:51+01:00,2025-09-03T10:40:33+01:00
https://raw.githubusercontent.com/DONW2023/dfrfae/main/Pagvendasbeneficios.apk,url,urlhaus_recent,2025-09-03T08:53:51+01:00,2025-09-03T10:40:33+01:00
https://raw.githubusercontent.com/DONW2023/dwd/main/CaixaResgatedePontos.apk,url,urlhaus_recent,2025-09-03T08:53:51+01:00,2025-09-03T10:40:33+01:00
https://raw.githubusercontent.com/DONW2023/edcfv/main/PagvendasBenef%C3%ADcios.apk,url,urlhaus_recent,2025-09-03T08:53:51+01:00,2025-09-03T10:40:33+01:00
https://raw.githubusercontent.com/DONW2023/efef/main/PagBeneficios.apk,url,urlhaus_recent,2025-09-03T08:53:51+01:00,2025-09-03T10:40:33+01:00
https://raw.githubusercontent.com/DONW2023/efgwe/main/Pagbeneficios.apk,url,urlhaus_recent,2025-09-03T08:53:51+01:00,2025-09-03T10:40:33+01:00
https://raw.githubusercontent.com/DONW2023/ewfw/main/AtualizarBeneficios.apk,url,urlhaus_recent,2025-09-03T08:53:51+01:00,2025-09-03T10:40:33+01:00
https://raw.githubusercontent.com/DONW2023/fadf/main/AtualizarPagVendas.apk,url,urlhaus_recent,2025-09-03T08:53:51+01:00,2025-09-03T10:40:33+01:00
https://raw.githubusercontent.com/DONW2023/fdhfgj/main/Ativarbeneficios.apk,url,urlhaus_recent,2025-09-03T08:53:51+01:00,2025-09-03T10:40:33+01:00
https://raw.githubusercontent.com/DONW2023/feqf/main/Pagbenef%C3%ADcios.apk,url,urlhaus_recent,2025-09-03T08:53:51+01:00,2025-09-03T10:40:33+01:00
https://raw.githubusercontent.com/DONW2023/reg/main/Atualizar.apk,url,urlhaus_recent,2025-09-03T08:53:51+01:00,2025-09-03T10:40:33+01:00
https://raw.githubusercontent.com/DONW2023/rtwt/main/Pagbeneficios.apk,url,urlhaus_recent,2025-09-03T08:53:51+01:00,2025-09-03T10:40:33+01:00
https://raw.githubusercontent.com/DONW2023/sdfh/main/PagBeneficios.apk,url,urlhaus_recent,2025-09-03T08:53:51+01:00,2025-09-03T10:40:33+01:00
https://raw.githubusercontent.com/DONW2023/sdg/main/AtualizarPagbeneficios.apk,url,urlhaus_recent,2025-09-03T08:53:51+01:00,2025-09-03T10:40:33+01:00
https://raw.githubusercontent.com/DONW2023/sdsd/main/Parceiros.apk,url,urlhaus_recent,2025-09-03T08:53:51+01:00,2025-09-03T10:40:33+01:00
https://raw.githubusercontent.com/DONW2023/sdvc/main/ParceirosAtualizar.apk,url,urlhaus_recent,2025-09-03T08:53:51+01:00,2025-09-03T10:40:33+01:00
https://raw.githubusercontent.com/DONW2023/tghy/main/Atualizarbeneficios.apk,url,urlhaus_recent,2025-09-03T08:53:51+01:00,2025-09-03T10:40:33+01:00
https://raw.githubusercontent.com/DONW2023/tkjyut/main/AtualizarParceiros.apk,url,urlhaus_recent,2025-09-03T08:53:51+01:00,2025-09-03T10:40:33+01:00
https://raw.githubusercontent.com/DONW2023/vsv/main/BeneficiosPagvendas.apk,url,urlhaus_recent,2025-09-03T08:53:51+01:00,2025-09-03T10:40:33+01:00
https://vcsinfo.com/4r6y.js,url,urlhaus_recent,2025-09-03T08:53:51+01:00,2025-09-03T10:40:33+01:00
https://vcsinfo.com/js.php,url,urlhaus_recent,2025-09-03T10:40:33+01:00,2025-09-03T10:40:33+01:00
https://wood-simple.com/assets/img/1957b95c3.res,url,urlhaus_recent,2025-09-03T10:40:33+01:00,2025-09-03T10:40:33+01:00
https://wood-simple.com/drip.sym,url,urlhaus_recent,2025-09-03T10:40:33+01:00,2025-09-03T10:40:33+01:00
